"crop","indicator","rank","Resid_dev","Resid_df","AIC","AICc","deltaAICc","weight","R2","logLik"
"bean","NH4",1,46456152.6672749,37,680.120683384033,681.26354052689,0,0.711425415545246,0.393837594466368,-336.060341692017
"carrot1","Mg",1,76497564.6272278,37,700.070683025889,701.213540168746,0,0.661266907492328,0.514104682260139,-346.035341512945
"kale","BD",1,10961199.3140087,37,622.354794890142,623.497652032999,0,0.524165167936735,0.130068329129216,-307.177397445071
"kale","SOC",2,11303499.6276382,37,623.58482198365,624.727679126507,1.23002709350772,0.283381286760733,0.10290178692477,-307.792410991825
